date,value,metric,series_id,source
1960-01-01,4.047452896022308,m2_yoy,M2SL_yoy,fred_derived
1960-02-01,3.7191518943343826,m2_yoy,M2SL_yoy,fred_derived
1960-03-01,3.4923928077455146,m2_yoy,M2SL_yoy,fred_derived
1960-04-01,3.4470872113064432,m2_yoy,M2SL_yoy,fred_derived
1960-05-01,2.977412731006157,m2_yoy,M2SL_yoy,fred_derived
1960-06-01,2.788167290037391,m2_yoy,M2SL_yoy,fred_derived
1960-07-01,3.0149051490514944,m2_yoy,M2SL_yoy,fred_derived
1960-08-01,3.5425101214574983,m2_yoy,M2SL_yoy,fred_derived
1960-09-01,3.9433771486349745,m2_yoy,M2SL_yoy,fred_derived
1960-10-01,4.384485666104543,m2_yoy,M2SL_yoy,fred_derived
1960-11-01,4.6449007068327,m2_yoy,M2SL_yoy,fred_derived
1960-12-01,4.902619207521819,m2_yoy,M2SL_yoy,fred_derived
1961-01-01,5.33199195171028,m2_yoy,M2SL_yoy,fred_derived
1961-02-01,6.0656836461126185,m2_yoy,M2SL_yoy,fred_derived
1961-03-01,6.34814567323756,m2_yoy,M2SL_yoy,fred_derived
1961-04-01,6.597800733088954,m2_yoy,M2SL_yoy,fred_derived
1961-05-01,7.078763708873392,m2_yoy,M2SL_yoy,fred_derived
1961-06-01,7.277538868673505,m2_yoy,M2SL_yoy,fred_derived
1961-07-01,7.070042749095684,m2_yoy,M2SL_yoy,fred_derived
1961-08-01,6.744868035190632,m2_yoy,M2SL_yoy,fred_derived
1961-09-01,6.841763942931256,m2_yoy,M2SL_yoy,fred_derived
1961-10-01,6.97899838449112,m2_yoy,M2SL_yoy,fred_derived
1961-11-01,7.2370537150209024,m2_yoy,M2SL_yoy,fred_derived
1961-12-01,7.3943661971831,m2_yoy,M2SL_yoy,fred_derived
1962-01-01,7.44985673352434,m2_yoy,M2SL_yoy,fred_derived
1962-02-01,7.456556082148502,m2_yoy,M2SL_yoy,fred_derived
1962-03-01,7.791391768771594,m2_yoy,M2SL_yoy,fred_derived
1962-04-01,8.002500781494227,m2_yoy,M2SL_yoy,fred_derived
1962-05-01,7.852265673494729,m2_yoy,M2SL_yoy,fred_derived
1962-06-01,7.70891150169597,m2_yoy,M2SL_yoy,fred_derived
1962-07-01,7.739557739557745,m2_yoy,M2SL_yoy,fred_derived
1962-08-01,7.692307692307687,m2_yoy,M2SL_yoy,fred_derived
1962-09-01,7.708649468892248,m2_yoy,M2SL_yoy,fred_derived
1962-10-01,7.88281485955904,m2_yoy,M2SL_yoy,fred_derived
1962-11-01,7.918416316736665,m2_yoy,M2SL_yoy,fred_derived
1962-12-01,8.107302533532046,m2_yoy,M2SL_yoy,fred_derived
1963-01-01,8.207407407407397,m2_yoy,M2SL_yoy,fred_derived
1963-02-01,8.174066451043792,m2_yoy,M2SL_yoy,fred_derived
1963-03-01,8.044301952783428,m2_yoy,M2SL_yoy,fred_derived
1963-04-01,8.046309696092614,m2_yoy,M2SL_yoy,fred_derived
1963-05-01,8.230215827338139,m2_yoy,M2SL_yoy,fred_derived
1963-06-01,8.330947609504724,m2_yoy,M2SL_yoy,fred_derived
1963-07-01,8.637400228050174,m2_yoy,M2SL_yoy,fred_derived
1963-08-01,8.730158730158744,m2_yoy,M2SL_yoy,fred_derived
1963-09-01,8.763031839954927,m2_yoy,M2SL_yoy,fred_derived
1963-10-01,8.706606942889138,m2_yoy,M2SL_yoy,fred_derived
1963-11-01,8.810450250138956,m2_yoy,M2SL_yoy,fred_derived
1963-12-01,8.409153570443895,m2_yoy,M2SL_yoy,fred_derived
1964-01-01,8.214676889375694,m2_yoy,M2SL_yoy,fred_derived
1964-02-01,8.072845882033164,m2_yoy,M2SL_yoy,fred_derived
1964-03-01,7.8500134879956995,m2_yoy,M2SL_yoy,fred_derived
1964-04-01,7.607822126975616,m2_yoy,M2SL_yoy,fred_derived
1964-05-01,7.471417176282902,m2_yoy,M2SL_yoy,fred_derived
1964-06-01,7.584566596194509,m2_yoy,M2SL_yoy,fred_derived
1964-07-01,7.609551298871686,m2_yoy,M2SL_yoy,fred_derived
1964-08-01,7.76850886339937,m2_yoy,M2SL_yoy,fred_derived
1964-09-01,8.005181347150248,m2_yoy,M2SL_yoy,fred_derived
1964-10-01,7.932011331444766,m2_yoy,M2SL_yoy,fred_derived
1964-11-01,7.790549169859506,m2_yoy,M2SL_yoy,fred_derived
1964-12-01,8.011190233977628,m2_yoy,M2SL_yoy,fred_derived
1965-01-01,8.173076923076916,m2_yoy,M2SL_yoy,fred_derived
1965-02-01,8.249496981891348,m2_yoy,M2SL_yoy,fred_derived
1965-03-01,8.354177088544269,m2_yoy,M2SL_yoy,fred_derived
1965-04-01,8.389345282549154,m2_yoy,M2SL_yoy,fred_derived
1965-05-01,8.139534883720945,m2_yoy,M2SL_yoy,fred_derived
1965-06-01,8.106116433308763,m2_yoy,M2SL_yoy,fred_derived
1965-07-01,7.9980492562789385,m2_yoy,M2SL_yoy,fred_derived
1965-08-01,7.8374455732946435,m2_yoy,M2SL_yoy,fred_derived
1965-09-01,7.819621012233147,m2_yoy,M2SL_yoy,fred_derived
1965-10-01,7.9933190169410695,m2_yoy,M2SL_yoy,fred_derived
1965-11-01,7.9857819905213345,m2_yoy,M2SL_yoy,fred_derived
1965-12-01,8.123381210266079,m2_yoy,M2SL_yoy,fred_derived
1966-01-01,8.070175438596493,m2_yoy,M2SL_yoy,fred_derived
1966-02-01,7.946096654275103,m2_yoy,M2SL_yoy,fred_derived
1966-03-01,7.848568790397037,m2_yoy,M2SL_yoy,fred_derived
1966-04-01,7.785943959577413,m2_yoy,M2SL_yoy,fred_derived
1966-05-01,7.549759780370624,m2_yoy,M2SL_yoy,fred_derived
1966-06-01,7.06657577823222,m2_yoy,M2SL_yoy,fred_derived
1966-07-01,6.321968841725001,m2_yoy,M2SL_yoy,fred_derived
1966-08-01,6.011664423508312,m2_yoy,M2SL_yoy,fred_derived
1966-09-01,5.761957730812006,m2_yoy,M2SL_yoy,fred_derived
1966-10-01,5.103844454264239,m2_yoy,M2SL_yoy,fred_derived
1966-11-01,4.739960500329166,m2_yoy,M2SL_yoy,fred_derived
1966-12-01,4.57317073170731,m2_yoy,M2SL_yoy,fred_derived
1967-01-01,4.2424242424242475,m2_yoy,M2SL_yoy,fred_derived
1967-02-01,4.412397761515274,m2_yoy,M2SL_yoy,fred_derived
1967-03-01,4.815924657534243,m2_yoy,M2SL_yoy,fred_derived
1967-04-01,4.858299595141702,m2_yoy,M2SL_yoy,fred_derived
1967-05-01,5.764730908317373,m2_yoy,M2SL_yoy,fred_derived
1967-06-01,6.536502546689316,m2_yoy,M2SL_yoy,fred_derived
1967-07-01,7.51751964323637,m2_yoy,M2SL_yoy,fred_derived
1967-08-01,8.082945408379171,m2_yoy,M2SL_yoy,fred_derived
1967-09-01,8.266722759781242,m2_yoy,M2SL_yoy,fred_derived
1967-10-01,8.934202228295153,m2_yoy,M2SL_yoy,fred_derived
1967-11-01,9.197569662685945,m2_yoy,M2SL_yoy,fred_derived
1967-12-01,9.287796751353605,m2_yoy,M2SL_yoy,fred_derived
1968-01-01,9.509966777408629,m2_yoy,M2SL_yoy,fred_derived
1968-02-01,9.338280766852192,m2_yoy,M2SL_yoy,fred_derived
1968-03-01,8.8829895854605,m2_yoy,M2SL_yoy,fred_derived
1968-04-01,8.85998780735624,m2_yoy,M2SL_yoy,fred_derived
1968-05-01,8.386967015285606,m2_yoy,M2SL_yoy,fred_derived
1968-06-01,8.08764940239044,m2_yoy,M2SL_yoy,fred_derived
1968-07-01,7.762196326288762,m2_yoy,M2SL_yoy,fred_derived
1968-08-01,7.55677368833203,m2_yoy,M2SL_yoy,fred_derived
1968-09-01,7.557800660578984,m2_yoy,M2SL_yoy,fred_derived
1968-10-01,7.603241991509058,m2_yoy,M2SL_yoy,fred_derived
1968-11-01,7.90483499616268,m2_yoy,M2SL_yoy,fred_derived
1968-12-01,8.00304878048781,m2_yoy,M2SL_yoy,fred_derived
1969-01-01,7.9446340538490645,m2_yoy,M2SL_yoy,fred_derived
1969-02-01,7.824283559577672,m2_yoy,M2SL_yoy,fred_derived
1969-03-01,7.726931732933218,m2_yoy,M2SL_yoy,fred_derived
1969-04-01,7.466865783087551,m2_yoy,M2SL_yoy,fred_derived
1969-05-01,6.977175728335494,m2_yoy,M2SL_yoy,fred_derived
1969-06-01,6.616291927755258,m2_yoy,M2SL_yoy,fred_derived
1969-07-01,6.213343108504388,m2_yoy,M2SL_yoy,fred_derived
1969-08-01,5.587914088096113,m2_yoy,M2SL_yoy,fred_derived
1969-09-01,5.148121387283244,m2_yoy,M2SL_yoy,fred_derived
1969-10-01,4.626972740315627,m2_yoy,M2SL_yoy,fred_derived
1969-11-01,4.089615931721191,m2_yoy,M2SL_yoy,fred_derived
1969-12-01,3.7226534932957023,m2_yoy,M2SL_yoy,fred_derived
1970-01-01,3.5657825399613596,m2_yoy,M2SL_yoy,fred_derived
1970-02-01,2.517922713761145,m2_yoy,M2SL_yoy,fred_derived
1970-03-01,2.2458217270195036,m2_yoy,M2SL_yoy,fred_derived
1970-04-01,2.2060100746916778,m2_yoy,M2SL_yoy,fred_derived
1970-05-01,2.601908065915004,m2_yoy,M2SL_yoy,fred_derived
1970-06-01,2.886776145203118,m2_yoy,M2SL_yoy,fred_derived
1970-07-01,3.3822260569456475,m2_yoy,M2SL_yoy,fred_derived
1970-08-01,4.275124978451994,m2_yoy,M2SL_yoy,fred_derived
1970-09-01,4.99914104105823,m2_yoy,M2SL_yoy,fred_derived
1970-10-01,5.656496400411393,m2_yoy,M2SL_yoy,fred_derived
1970-11-01,6.098394260334827,m2_yoy,M2SL_yoy,fred_derived
1970-12-01,6.565742473209735,m2_yoy,M2SL_yoy,fred_derived
1971-01-01,7.343962008141114,m2_yoy,M2SL_yoy,fred_derived
1971-02-01,9.329694695548362,m2_yoy,M2SL_yoy,fred_derived
1971-03-01,10.65894772688576,m2_yoy,M2SL_yoy,fred_derived
1971-04-01,11.896668932698852,m2_yoy,M2SL_yoy,fred_derived
1971-05-01,12.713440405748111,m2_yoy,M2SL_yoy,fred_derived
1971-06-01,13.071236559139777,m2_yoy,M2SL_yoy,fred_derived
1971-07-01,13.436821899515937,m2_yoy,M2SL_yoy,fred_derived
1971-08-01,13.324516448999834,m2_yoy,M2SL_yoy,fred_derived
1971-09-01,13.301701570680624,m2_yoy,M2SL_yoy,fred_derived
1971-10-01,13.303049967553537,m2_yoy,M2SL_yoy,fred_derived
1971-11-01,13.443889872806313,m2_yoy,M2SL_yoy,fred_derived
1971-12-01,13.375897845171592,m2_yoy,M2SL_yoy,fred_derived
1972-01-01,13.39864117554117,m2_yoy,M2SL_yoy,fred_derived
1972-02-01,13.21372854914198,m2_yoy,M2SL_yoy,fred_derived
1972-03-01,12.863517464225271,m2_yoy,M2SL_yoy,fred_derived
1972-04-01,12.150668286755772,m2_yoy,M2SL_yoy,fred_derived
1972-05-01,11.48942552872354,m2_yoy,M2SL_yoy,fred_derived
1972-06-01,11.396731054977716,m2_yoy,M2SL_yoy,fred_derived
1972-07-01,11.75691583284284,m2_yoy,M2SL_yoy,fred_derived
1972-08-01,12.137126185266233,m2_yoy,M2SL_yoy,fred_derived
1972-09-01,12.389891696750887,m2_yoy,M2SL_yoy,fred_derived
1972-10-01,12.671821305841924,m2_yoy,M2SL_yoy,fred_derived
1972-11-01,12.673857507805831,m2_yoy,M2SL_yoy,fred_derived
1972-12-01,12.952273687174443,m2_yoy,M2SL_yoy,fred_derived
1973-01-01,12.902326877525416,m2_yoy,M2SL_yoy,fred_derived
1973-02-01,12.18134215240456,m2_yoy,M2SL_yoy,fred_derived
1973-03-01,11.15201090661213,m2_yoy,M2SL_yoy,fred_derived
1973-04-01,11.010292524377041,m2_yoy,M2SL_yoy,fred_derived
1973-05-01,11.233687609309829,m2_yoy,M2SL_yoy,fred_derived
1973-06-01,11.15112711751365,m2_yoy,M2SL_yoy,fred_derived
1973-07-01,10.138248847926267,m2_yoy,M2SL_yoy,fred_derived
1973-08-01,9.119292311695059,m2_yoy,M2SL_yoy,fred_derived
1973-09-01,7.837594757805477,m2_yoy,M2SL_yoy,fred_derived
1973-10-01,7.078408946498915,m2_yoy,M2SL_yoy,fred_derived
1973-11-01,6.927824663055793,m2_yoy,M2SL_yoy,fred_derived
1973-12-01,6.630936058830872,m2_yoy,M2SL_yoy,fred_derived
1974-01-01,6.096507466370493,m2_yoy,M2SL_yoy,fred_derived
1974-02-01,6.154035130819313,m2_yoy,M2SL_yoy,fred_derived
1974-03-01,6.721452226174418,m2_yoy,M2SL_yoy,fred_derived
1974-04-01,6.490179333902635,m2_yoy,M2SL_yoy,fred_derived
1974-05-01,5.781325592646347,m2_yoy,M2SL_yoy,fred_derived
1974-06-01,5.340213608544353,m2_yoy,M2SL_yoy,fred_derived
1974-07-01,5.36760310818889,m2_yoy,M2SL_yoy,fred_derived
1974-08-01,5.400572246065827,m2_yoy,M2SL_yoy,fred_derived
1974-09-01,5.79053973549386,m2_yoy,M2SL_yoy,fred_derived
1974-10-01,6.0170899596486915,m2_yoy,M2SL_yoy,fred_derived
1974-11-01,5.854635410531284,m2_yoy,M2SL_yoy,fred_derived
1974-12-01,5.447106954997083,m2_yoy,M2SL_yoy,fred_derived
1975-01-01,5.4204955216936135,m2_yoy,M2SL_yoy,fred_derived
1975-02-01,5.774126359638965,m2_yoy,M2SL_yoy,fred_derived
1975-03-01,6.309619583955861,m2_yoy,M2SL_yoy,fred_derived
1975-04-01,7.125673043876746,m2_yoy,M2SL_yoy,fred_derived
1975-05-01,8.380974159615828,m2_yoy,M2SL_yoy,fred_derived
1975-06-01,9.70608339029393,m2_yoy,M2SL_yoy,fred_derived
1975-07-01,10.630814613115502,m2_yoy,M2SL_yoy,fred_derived
1975-08-01,11.197828299966073,m2_yoy,M2SL_yoy,fred_derived
1975-09-01,11.66798062844916,m2_yoy,M2SL_yoy,fred_derived
1975-10-01,11.6981976939438,m2_yoy,M2SL_yoy,fred_derived
1975-11-01,12.052081014912087,m2_yoy,M2SL_yoy,fred_derived
1975-12-01,12.648265159073269,m2_yoy,M2SL_yoy,fred_derived
1976-01-01,13.27375041377028,m2_yoy,M2SL_yoy,fred_derived
1976-02-01,13.805929329395017,m2_yoy,M2SL_yoy,fred_derived
1976-03-01,13.513513513513509,m2_yoy,M2SL_yoy,fred_derived
1976-04-01,13.44241257619505,m2_yoy,M2SL_yoy,fred_derived
1976-05-01,13.10264795864542,m2_yoy,M2SL_yoy,fred_derived
1976-06-01,11.900311526479745,m2_yoy,M2SL_yoy,fred_derived
1976-07-01,11.403958568351946,m2_yoy,M2SL_yoy,fred_derived
1976-08-01,11.758722408707145,m2_yoy,M2SL_yoy,fred_derived
1976-09-01,12.032274331820458,m2_yoy,M2SL_yoy,fred_derived
1976-10-01,12.7480457005412,m2_yoy,M2SL_yoy,fred_derived
1976-11-01,13.04002383553482,m2_yoy,M2SL_yoy,fred_derived
1976-12-01,13.363511119858295,m2_yoy,M2SL_yoy,fred_derived
1977-01-01,13.50087668030393,m2_yoy,M2SL_yoy,fred_derived
1977-02-01,13.198115928097653,m2_yoy,M2SL_yoy,fred_derived
1977-03-01,13.190476190476197,m2_yoy,M2SL_yoy,fred_derived
1977-04-01,13.084464555052788,m2_yoy,M2SL_yoy,fred_derived
1977-05-01,12.769331219102709,m2_yoy,M2SL_yoy,fred_derived
1977-06-01,13.01039346696362,m2_yoy,M2SL_yoy,fred_derived
1977-07-01,12.924606462303245,m2_yoy,M2SL_yoy,fred_derived
1977-08-01,12.587603531446256,m2_yoy,M2SL_yoy,fred_derived
1977-09-01,12.189413035649999,m2_yoy,M2SL_yoy,fred_derived
1977-10-01,11.466666666666669,m2_yoy,M2SL_yoy,fred_derived
1977-11-01,10.91196626251978,m2_yoy,M2SL_yoy,fred_derived
1977-12-01,10.269097222222223,m2_yoy,M2SL_yoy,fred_derived
1978-01-01,9.82663920357021,m2_yoy,M2SL_yoy,fred_derived
1978-02-01,9.162703804347828,m2_yoy,M2SL_yoy,fred_derived
1978-03-01,8.725283971392518,m2_yoy,M2SL_yoy,fred_derived
1978-04-01,8.40280093364456,m2_yoy,M2SL_yoy,fred_derived
1978-05-01,8.395368072787424,m2_yoy,M2SL_yoy,fred_derived
1978-06-01,8.2690096896042,m2_yoy,M2SL_yoy,fred_derived
1978-07-01,7.940001630390459,m2_yoy,M2SL_yoy,fred_derived
1978-08-01,7.801131770412284,m2_yoy,M2SL_yoy,fred_derived
1978-09-01,7.928101428342149,m2_yoy,M2SL_yoy,fred_derived
1978-10-01,7.838915470494423,m2_yoy,M2SL_yoy,fred_derived
1978-11-01,7.6600126742712105,m2_yoy,M2SL_yoy,fred_derived
1978-12-01,7.533653467684798,m2_yoy,M2SL_yoy,fred_derived
1979-01-01,7.181370633742268,m2_yoy,M2SL_yoy,fred_derived
1979-02-01,7.180085569817196,m2_yoy,M2SL_yoy,fred_derived
1979-03-01,7.398235567249634,m2_yoy,M2SL_yoy,fred_derived
1979-04-01,7.820670562903698,m2_yoy,M2SL_yoy,fred_derived
1979-05-01,7.607783288821057,m2_yoy,M2SL_yoy,fred_derived
1979-06-01,7.925673113386433,m2_yoy,M2SL_yoy,fred_derived
1979-07-01,8.36039574050298,m2_yoy,M2SL_yoy,fred_derived
1979-08-01,8.481439820022496,m2_yoy,M2SL_yoy,fred_derived
1979-09-01,8.111524163568774,m2_yoy,M2SL_yoy,fred_derived
1979-10-01,7.993788360570897,m2_yoy,M2SL_yoy,fred_derived
1979-11-01,7.858141417114273,m2_yoy,M2SL_yoy,fred_derived
1979-12-01,7.884333821376277,m2_yoy,M2SL_yoy,fred_derived
1980-01-01,8.100029163021304,m2_yoy,M2SL_yoy,fred_derived
1980-02-01,8.477282624473803,m2_yoy,M2SL_yoy,fred_derived
1980-03-01,8.070327136474997,m2_yoy,M2SL_yoy,fred_derived
1980-04-01,7.139291063404896,m2_yoy,M2SL_yoy,fred_derived
1980-05-01,7.240107786129624,m2_yoy,M2SL_yoy,fred_derived
1980-06-01,7.463106113843998,m2_yoy,M2SL_yoy,fred_derived
1980-07-01,7.715361025926959,m2_yoy,M2SL_yoy,fred_derived
1980-08-01,7.942762339278309,m2_yoy,M2SL_yoy,fred_derived
1980-09-01,8.245650230383061,m2_yoy,M2SL_yoy,fred_derived
1980-10-01,8.518214187893713,m2_yoy,M2SL_yoy,fred_derived
1980-11-01,8.861450303567775,m2_yoy,M2SL_yoy,fred_derived
1980-12-01,8.556694035421053,m2_yoy,M2SL_yoy,fred_derived
1981-01-01,8.376610238079184,m2_yoy,M2SL_yoy,fred_derived
1981-02-01,8.303224943128606,m2_yoy,M2SL_yoy,fred_derived
1981-03-01,9.121216162154955,m2_yoy,M2SL_yoy,fred_derived
1981-04-01,10.451338037544943,m2_yoy,M2SL_yoy,fred_derived
1981-05-01,10.044303378959206,m2_yoy,M2SL_yoy,fred_derived
1981-06-01,9.227046821867635,m2_yoy,M2SL_yoy,fred_derived
1981-07-01,8.825622775800724,m2_yoy,M2SL_yoy,fred_derived
1981-08-01,8.504642971501752,m2_yoy,M2SL_yoy,fred_derived
1981-09-01,8.38627700127066,m2_yoy,M2SL_yoy,fred_derived
1981-10-01,8.644623927309446,m2_yoy,M2SL_yoy,fred_derived
1981-11-01,8.791828549943602,m2_yoy,M2SL_yoy,fred_derived
1981-12-01,9.732466558319786,m2_yoy,M2SL_yoy,fred_derived
1982-01-01,10.174870869375807,m2_yoy,M2SL_yoy,fred_derived
1982-02-01,9.625007722246238,m2_yoy,M2SL_yoy,fred_derived
1982-03-01,9.159232555297582,m2_yoy,M2SL_yoy,fred_derived
1982-04-01,8.721070395371267,m2_yoy,M2SL_yoy,fred_derived
1982-05-01,9.085446460761926,m2_yoy,M2SL_yoy,fred_derived
1982-06-01,9.32167874034604,m2_yoy,M2SL_yoy,fred_derived
1982-07-01,8.894702419882261,m2_yoy,M2SL_yoy,fred_derived
1982-08-01,8.906332998878597,m2_yoy,M2SL_yoy,fred_derived
1982-09-01,8.933177022274341,m2_yoy,M2SL_yoy,fred_derived
1982-10-01,8.589847833662457,m2_yoy,M2SL_yoy,fred_derived
1982-11-01,8.50181441161224,m2_yoy,M2SL_yoy,fred_derived
1982-12-01,8.567359726573631,m2_yoy,M2SL_yoy,fred_derived
1983-01-01,10.67555354722096,m2_yoy,M2SL_yoy,fred_derived
1983-02-01,12.527472527472527,m2_yoy,M2SL_yoy,fred_derived
1983-03-01,12.801567310383444,m2_yoy,M2SL_yoy,fred_derived
1983-04-01,12.45634458672875,m2_yoy,M2SL_yoy,fred_derived
1983-05-01,12.542690316183759,m2_yoy,M2SL_yoy,fred_derived
1983-06-01,12.458926615553123,m2_yoy,M2SL_yoy,fred_derived
1983-07-01,12.738192738192744,m2_yoy,M2SL_yoy,fred_derived
1983-08-01,12.399739865597216,m2_yoy,M2SL_yoy,fred_derived
1983-09-01,12.096427034007728,m2_yoy,M2SL_yoy,fred_derived
1983-10-01,12.274696475370362,m2_yoy,M2SL_yoy,fred_derived
1983-11-01,12.135690396559973,m2_yoy,M2SL_yoy,fred_derived
1983-12-01,11.417178236003988,m2_yoy,M2SL_yoy,fred_derived
1984-01-01,9.125242421149316,m2_yoy,M2SL_yoy,fred_derived
1984-02-01,8.082932692307686,m2_yoy,M2SL_yoy,fred_derived
1984-03-01,7.939658594680421,m2_yoy,M2SL_yoy,fred_derived
1984-04-01,8.040027605244982,m2_yoy,M2SL_yoy,fred_derived
1984-05-01,7.88018207625667,m2_yoy,M2SL_yoy,fred_derived
1984-06-01,7.869491112734361,m2_yoy,M2SL_yoy,fred_derived
1984-07-01,7.6859744285160625,m2_yoy,M2SL_yoy,fred_derived
1984-08-01,7.540983606557372,m2_yoy,M2SL_yoy,fred_derived
1984-09-01,7.738095238095255,m2_yoy,M2SL_yoy,fred_derived
1984-10-01,7.607660060975618,m2_yoy,M2SL_yoy,fred_derived
1984-11-01,8.005491644179319,m2_yoy,M2SL_yoy,fred_derived
1984-12-01,8.613138686131382,m2_yoy,M2SL_yoy,fred_derived
1985-01-01,9.082405761855771,m2_yoy,M2SL_yoy,fred_derived
1985-02-01,9.077008618293036,m2_yoy,M2SL_yoy,fred_derived
1985-03-01,8.780801765354918,m2_yoy,M2SL_yoy,fred_derived
1985-04-01,8.381621572295494,m2_yoy,M2SL_yoy,fred_derived
1985-05-01,8.411596570028589,m2_yoy,M2SL_yoy,fred_derived
1985-06-01,8.916076023655828,m2_yoy,M2SL_yoy,fred_derived
1985-07-01,9.264672813132456,m2_yoy,M2SL_yoy,fred_derived
1985-08-01,9.5767575322812,m2_yoy,M2SL_yoy,fred_derived
1985-09-01,9.445731598645523,m2_yoy,M2SL_yoy,fred_derived
1985-10-01,9.256717871530395,m2_yoy,M2SL_yoy,fred_derived
1985-11-01,8.608749013763472,m2_yoy,M2SL_yoy,fred_derived
1985-12-01,8.051508844953158,m2_yoy,M2SL_yoy,fred_derived
1986-01-01,7.275767449837067,m2_yoy,M2SL_yoy,fred_derived
1986-02-01,6.745677753706314,m2_yoy,M2SL_yoy,fred_derived
1986-03-01,7.053503507733927,m2_yoy,M2SL_yoy,fred_derived
1986-04-01,7.678706744127317,m2_yoy,M2SL_yoy,fred_derived
1986-05-01,8.173258003766492,m2_yoy,M2SL_yoy,fred_derived
1986-06-01,7.974798972063346,m2_yoy,M2SL_yoy,fred_derived
1986-07-01,8.112780407491261,m2_yoy,M2SL_yoy,fred_derived
1986-08-01,8.285597381342068,m2_yoy,M2SL_yoy,fred_derived
1986-09-01,8.606090213320305,m2_yoy,M2SL_yoy,fred_derived
1986-10-01,8.889789303079422,m2_yoy,M2SL_yoy,fred_derived
1986-11-01,9.020098474453153,m2_yoy,M2SL_yoy,fred_derived
1986-12-01,9.465912282813704,m2_yoy,M2SL_yoy,fred_derived
1987-01-01,9.663882338835394,m2_yoy,M2SL_yoy,fred_derived
1987-02-01,9.335827131998876,m2_yoy,M2SL_yoy,fred_derived
1987-03-01,8.70869685365756,m2_yoy,M2SL_yoy,fred_derived
1987-04-01,8.206271014152765,m2_yoy,M2SL_yoy,fred_derived
1987-05-01,7.277158774373249,m2_yoy,M2SL_yoy,fred_derived
1987-06-01,6.510556621881003,m2_yoy,M2SL_yoy,fred_derived
1987-07-01,5.802177720246715,m2_yoy,M2SL_yoy,fred_derived
1987-08-01,5.354241450972985,m2_yoy,M2SL_yoy,fred_derived
1987-09-01,4.9366519229327555,m2_yoy,M2SL_yoy,fred_derived
1987-10-01,4.740641512242316,m2_yoy,M2SL_yoy,fred_derived
1987-11-01,4.353459445452179,m2_yoy,M2SL_yoy,fred_derived
1987-12-01,3.607038123167161,m2_yoy,M2SL_yoy,fred_derived
1988-01-01,3.772003352891873,m2_yoy,M2SL_yoy,fred_derived
1988-02-01,4.473157415832585,m2_yoy,M2SL_yoy,fred_derived
1988-03-01,4.975124378109452,m2_yoy,M2SL_yoy,fred_derived
1988-04-01,5.166744950681079,m2_yoy,M2SL_yoy,fred_derived
1988-05-01,5.5212953947131105,m2_yoy,M2SL_yoy,fred_derived
1988-06-01,5.903553665393213,m2_yoy,M2SL_yoy,fred_derived
1988-07-01,6.052536883771142,m2_yoy,M2SL_yoy,fred_derived
1988-08-01,5.8747579083279655,m2_yoy,M2SL_yoy,fred_derived
1988-09-01,5.6224325772459505,m2_yoy,M2SL_yoy,fred_derived
1988-10-01,5.346738667045625,m2_yoy,M2SL_yoy,fred_derived
1988-11-01,5.72209017701939,m2_yoy,M2SL_yoy,fred_derived
1988-12-01,5.724596660062264,m2_yoy,M2SL_yoy,fred_derived
1989-01-01,5.067781133665794,m2_yoy,M2SL_yoy,fred_derived
1989-02-01,4.243311036789299,m2_yoy,M2SL_yoy,fred_derived
1989-03-01,3.770712976095747,m2_yoy,M2SL_yoy,fred_derived
1989-04-01,3.274126498780361,m2_yoy,M2SL_yoy,fred_derived
1989-05-01,2.925495557074509,m2_yoy,M2SL_yoy,fred_derived
1989-06-01,3.0458753062891475,m2_yoy,M2SL_yoy,fred_derived
1989-07-01,3.5694896851248714,m2_yoy,M2SL_yoy,fred_derived
1989-08-01,4.146341463414638,m2_yoy,M2SL_yoy,fred_derived
1989-09-01,4.585883864858453,m2_yoy,M2SL_yoy,fred_derived
1989-10-01,5.018042019357227,m2_yoy,M2SL_yoy,fred_derived
1989-11-01,5.1372391114690386,m2_yoy,M2SL_yoy,fred_derived
1989-12-01,5.4982932869285905,m2_yoy,M2SL_yoy,fred_derived
1990-01-01,5.852859578166281,m2_yoy,M2SL_yoy,fred_derived
1990-02-01,6.249582247176,m2_yoy,M2SL_yoy,fred_derived
1990-03-01,6.3473013968063485,m2_yoy,M2SL_yoy,fred_derived
1990-04-01,6.506986027944106,m2_yoy,M2SL_yoy,fred_derived
1990-05-01,6.275733829193775,m2_yoy,M2SL_yoy,fred_derived
1990-06-01,6.136266058984763,m2_yoy,M2SL_yoy,fred_derived
1990-07-01,5.638186345171015,m2_yoy,M2SL_yoy,fred_derived
1990-08-01,5.451470205568554,m2_yoy,M2SL_yoy,fred_derived
1990-09-01,5.241713823767169,m2_yoy,M2SL_yoy,fred_derived
1990-10-01,4.662663369833986,m2_yoy,M2SL_yoy,fred_derived
1990-11-01,4.126639645102603,m2_yoy,M2SL_yoy,fred_derived
1990-12-01,3.784298176050749,m2_yoy,M2SL_yoy,fred_derived
1991-01-01,3.817733990147776,m2_yoy,M2SL_yoy,fred_derived
1991-02-01,3.9412430800201292,m2_yoy,M2SL_yoy,fred_derived
1991-03-01,4.131531926898857,m2_yoy,M2SL_yoy,fred_derived
1991-04-01,4.0854572713643345,m2_yoy,M2SL_yoy,fred_derived
1991-05-01,4.449165781415987,m2_yoy,M2SL_yoy,fred_derived
1991-06-01,4.300339172915968,m2_yoy,M2SL_yoy,fred_derived
1991-07-01,4.081252907427513,m2_yoy,M2SL_yoy,fred_derived
1991-08-01,3.4855027760641644,m2_yoy,M2SL_yoy,fred_derived
1991-09-01,3.0817919252750015,m2_yoy,M2SL_yoy,fred_derived
1991-10-01,3.0926886141195986,m2_yoy,M2SL_yoy,fred_derived
1991-11-01,3.153926316434741,m2_yoy,M2SL_yoy,fred_derived
1991-12-01,3.0686472278256494,m2_yoy,M2SL_yoy,fred_derived
1992-01-01,2.8439334489156476,m2_yoy,M2SL_yoy,fred_derived
1992-02-01,2.8899984869117823,m2_yoy,M2SL_yoy,fred_derived
1992-03-01,2.4684668412655375,m2_yoy,M2SL_yoy,fred_derived
1992-04-01,2.019565478333929,m2_yoy,M2SL_yoy,fred_derived
1992-05-01,1.663176787316778,m2_yoy,M2SL_yoy,fred_derived
1992-06-01,1.238103762045406,m2_yoy,M2SL_yoy,fred_derived
1992-07-01,1.1263073209975882,m2_yoy,M2SL_yoy,fred_derived
1992-08-01,1.3055141579731755,m2_yoy,M2SL_yoy,fred_derived
1992-09-01,1.651315985573354,m2_yoy,M2SL_yoy,fred_derived
1992-10-01,1.8957769114014589,m2_yoy,M2SL_yoy,fred_derived
1992-11-01,1.8125092853959357,m2_yoy,M2SL_yoy,fred_derived
1992-12-01,1.556847162090036,m2_yoy,M2SL_yoy,fred_derived
1993-01-01,1.1209038211285938,m2_yoy,M2SL_yoy,fred_derived
1993-02-01,0.4264705882352837,m2_yoy,M2SL_yoy,fred_derived
1993-03-01,0.22914891741825372,m2_yoy,M2SL_yoy,fred_derived
1993-04-01,0.34120657705092317,m2_yoy,M2SL_yoy,fred_derived
1993-05-01,1.1269346201377095,m2_yoy,M2SL_yoy,fred_derived
1993-06-01,1.4439794895974467,m2_yoy,M2SL_yoy,fred_derived
1993-07-01,1.4172485930640244,m2_yoy,M2SL_yoy,fred_derived
1993-08-01,1.3798987878074431,m2_yoy,M2SL_yoy,fred_derived
1993-09-01,1.2286309122364392,m2_yoy,M2SL_yoy,fred_derived
1993-10-01,0.9609206145218652,m2_yoy,M2SL_yoy,fred_derived
1993-11-01,1.2724354297388052,m2_yoy,M2SL_yoy,fred_derived
1993-12-01,1.4541419686395995,m2_yoy,M2SL_yoy,fred_derived
1994-01-01,1.6320084232692933,m2_yoy,M2SL_yoy,fred_derived
1994-02-01,1.7923561282764622,m2_yoy,M2SL_yoy,fred_derived
1994-03-01,2.004865609520179,m2_yoy,M2SL_yoy,fred_derived
1994-04-01,2.0520036349778614,m2_yoy,M2SL_yoy,fred_derived
1994-05-01,1.5682737350519282,m2_yoy,M2SL_yoy,fred_derived
1994-06-01,1.0777364629328323,m2_yoy,M2SL_yoy,fred_derived
1994-07-01,1.3422428820453192,m2_yoy,M2SL_yoy,fred_derived
1994-08-01,1.1608671677743265,m2_yoy,M2SL_yoy,fred_derived
1994-09-01,0.9819825039105501,m2_yoy,M2SL_yoy,fred_derived
1994-10-01,0.798449388144773,m2_yoy,M2SL_yoy,fred_derived
1994-11-01,0.49278118786202363,m2_yoy,M2SL_yoy,fred_derived
1994-12-01,0.3424953230680705,m2_yoy,M2SL_yoy,fred_derived
1995-01-01,0.503611614722721,m2_yoy,M2SL_yoy,fred_derived
1995-02-01,0.4085507955232215,m2_yoy,M2SL_yoy,fred_derived
1995-03-01,0.3160828711818553,m2_yoy,M2SL_yoy,fred_derived
1995-04-01,0.514175738948075,m2_yoy,M2SL_yoy,fred_derived
1995-05-01,0.9568007333562445,m2_yoy,M2SL_yoy,fred_derived
1995-06-01,1.9945394453225962,m2_yoy,M2SL_yoy,fred_derived
1995-07-01,2.2705120119259403,m2_yoy,M2SL_yoy,fred_derived
1995-08-01,2.9635367358062936,m2_yoy,M2SL_yoy,fred_derived
1995-09-01,3.327500645420378,m2_yoy,M2SL_yoy,fred_derived
1995-10-01,3.7051918606319845,m2_yoy,M2SL_yoy,fred_derived
1995-11-01,3.8053452626749307,m2_yoy,M2SL_yoy,fred_derived
1995-12-01,4.10452042221201,m2_yoy,M2SL_yoy,fred_derived
1996-01-01,4.45252548390791,m2_yoy,M2SL_yoy,fred_derived
1996-02-01,4.9256425685549665,m2_yoy,M2SL_yoy,fred_derived
1996-03-01,5.608547449228052,m2_yoy,M2SL_yoy,fred_derived
1996-04-01,5.6727251943301304,m2_yoy,M2SL_yoy,fred_derived
1996-05-01,5.260768401339311,m2_yoy,M2SL_yoy,fred_derived
1996-06-01,4.891656569641301,m2_yoy,M2SL_yoy,fred_derived
1996-07-01,4.756965857487239,m2_yoy,M2SL_yoy,fred_derived
1996-08-01,4.3187517414321475,m2_yoy,M2SL_yoy,fred_derived
1996-09-01,4.200327586685559,m2_yoy,M2SL_yoy,fred_derived
1996-10-01,4.411357724027232,m2_yoy,M2SL_yoy,fred_derived
1996-11-01,4.8399127047708435,m2_yoy,M2SL_yoy,fred_derived
1996-12-01,5.210084033613449,m2_yoy,M2SL_yoy,fred_derived
1997-01-01,5.118013103429364,m2_yoy,M2SL_yoy,fred_derived
1997-02-01,5.038505652957559,m2_yoy,M2SL_yoy,fred_derived
1997-03-01,4.727548889310795,m2_yoy,M2SL_yoy,fred_derived
1997-04-01,4.84896016442653,m2_yoy,M2SL_yoy,fred_derived
1997-05-01,4.8414923441880475,m2_yoy,M2SL_yoy,fred_derived
1997-06-01,4.92948287441235,m2_yoy,M2SL_yoy,fred_derived
1997-07-01,4.998528270584157,m2_yoy,M2SL_yoy,fred_derived
1997-08-01,5.699786324786338,m2_yoy,M2SL_yoy,fred_derived
1997-09-01,5.853359620610643,m2_yoy,M2SL_yoy,fred_derived
1997-10-01,5.817960135708233,m2_yoy,M2SL_yoy,fred_derived
1997-11-01,5.789043766962676,m2_yoy,M2SL_yoy,fred_derived
1997-12-01,5.612004399518145,m2_yoy,M2SL_yoy,fred_derived
1998-01-01,5.778959995827471,m2_yoy,M2SL_yoy,fred_derived
1998-02-01,6.307360320307831,m2_yoy,M2SL_yoy,fred_derived
1998-03-01,6.554957008184004,m2_yoy,M2SL_yoy,fred_derived
1998-04-01,6.7887541913850935,m2_yoy,M2SL_yoy,fred_derived
1998-05-01,7.076005348143566,m2_yoy,M2SL_yoy,fred_derived
1998-06-01,7.119815668202767,m2_yoy,M2SL_yoy,fred_derived
1998-07-01,7.133209307066957,m2_yoy,M2SL_yoy,fred_derived
1998-08-01,6.855511194218411,m2_yoy,M2SL_yoy,fred_derived
1998-09-01,7.414864966902424,m2_yoy,M2SL_yoy,fred_derived
1998-10-01,7.9052175437717365,m2_yoy,M2SL_yoy,fred_derived
1998-11-01,8.264421639932262,m2_yoy,M2SL_yoy,fred_derived
1998-12-01,8.497607180936795,m2_yoy,M2SL_yoy,fred_derived
1999-01-01,8.549874266554912,m2_yoy,M2SL_yoy,fred_derived
1999-02-01,8.239379784294076,m2_yoy,M2SL_yoy,fred_derived
1999-03-01,7.73643147072407,m2_yoy,M2SL_yoy,fred_derived
1999-04-01,7.758079319839628,m2_yoy,M2SL_yoy,fred_derived
1999-05-01,7.725002401306336,m2_yoy,M2SL_yoy,fred_derived
1999-06-01,7.741210774121066,m2_yoy,M2SL_yoy,fred_derived
1999-07-01,7.888101241733647,m2_yoy,M2SL_yoy,fred_derived
1999-08-01,7.661929198098716,m2_yoy,M2SL_yoy,fred_derived
1999-09-01,7.055322539072573,m2_yoy,M2SL_yoy,fred_derived
1999-10-01,6.611109821490757,m2_yoy,M2SL_yoy,fred_derived
1999-11-01,6.101320572401403,m2_yoy,M2SL_yoy,fred_derived
1999-12-01,6.026602066002362,m2_yoy,M2SL_yoy,fred_derived
2000-01-01,6.009538950715432,m2_yoy,M2SL_yoy,fred_derived
2000-02-01,5.763929685028679,m2_yoy,M2SL_yoy,fred_derived
2000-03-01,6.296530253124555,m2_yoy,M2SL_yoy,fred_derived
2000-04-01,6.86779934549695,m2_yoy,M2SL_yoy,fred_derived
2000-05-01,6.009674327366743,m2_yoy,M2SL_yoy,fred_derived
2000-06-01,5.8917480035492575,m2_yoy,M2SL_yoy,fred_derived
2000-07-01,5.642280724963622,m2_yoy,M2SL_yoy,fred_derived
2000-08-01,5.860258747556402,m2_yoy,M2SL_yoy,fred_derived
2000-09-01,6.268604447557347,m2_yoy,M2SL_yoy,fred_derived
2000-10-01,6.066148452979747,m2_yoy,M2SL_yoy,fred_derived
2000-11-01,5.874062188299578,m2_yoy,M2SL_yoy,fred_derived
2000-12-01,6.214299571055992,m2_yoy,M2SL_yoy,fred_derived
2001-01-01,6.656525837689609,m2_yoy,M2SL_yoy,fred_derived
2001-02-01,7.180243115640161,m2_yoy,M2SL_yoy,fred_derived
2001-03-01,7.70634802725132,m2_yoy,M2SL_yoy,fred_derived
2001-04-01,7.787658878308656,m2_yoy,M2SL_yoy,fred_derived
2001-05-01,8.021952604243321,m2_yoy,M2SL_yoy,fred_derived
2001-06-01,8.515585721468067,m2_yoy,M2SL_yoy,fred_derived
2001-07-01,8.738755661302777,m2_yoy,M2SL_yoy,fred_derived
2001-08-01,8.803817823425675,m2_yoy,M2SL_yoy,fred_derived
2001-09-01,10.296177294447206,m2_yoy,M2SL_yoy,fred_derived
2001-10-01,9.699669492743212,m2_yoy,M2SL_yoy,fred_derived
2001-11-01,10.338542200012292,m2_yoy,M2SL_yoy,fred_derived
2001-12-01,10.408718240116887,m2_yoy,M2SL_yoy,fred_derived
2002-01-01,9.694072273667697,m2_yoy,M2SL_yoy,fred_derived
2002-02-01,9.431931433127371,m2_yoy,M2SL_yoy,fred_derived
2002-03-01,8.418065736580749,m2_yoy,M2SL_yoy,fred_derived
2002-04-01,7.0634936078301624,m2_yoy,M2SL_yoy,fred_derived
2002-05-01,7.613096628513594,m2_yoy,M2SL_yoy,fred_derived
2002-06-01,7.204494121735094,m2_yoy,M2SL_yoy,fred_derived
2002-07-01,7.4088291746641,m2_yoy,M2SL_yoy,fred_derived
2002-08-01,7.523170220069408,m2_yoy,M2SL_yoy,fred_derived
2002-09-01,5.736587552053174,m2_yoy,M2SL_yoy,fred_derived
2002-10-01,6.798532879224517,m2_yoy,M2SL_yoy,fred_derived
2002-11-01,6.878886310904875,m2_yoy,M2SL_yoy,fred_derived
2002-12-01,6.229206874368165,m2_yoy,M2SL_yoy,fred_derived
2003-01-01,6.431174348550628,m2_yoy,M2SL_yoy,fred_derived
2003-02-01,6.520709628064547,m2_yoy,M2SL_yoy,fred_derived
2003-03-01,6.659396583060695,m2_yoy,M2SL_yoy,fred_derived
2003-04-01,7.331746060595035,m2_yoy,M2SL_yoy,fred_derived
2003-05-01,7.904780854874005,m2_yoy,M2SL_yoy,fred_derived
2003-06-01,8.083481893648825,m2_yoy,M2SL_yoy,fred_derived
2003-07-01,8.096854896354543,m2_yoy,M2SL_yoy,fred_derived
2003-08-01,8.314562900164946,m2_yoy,M2SL_yoy,fred_derived
2003-09-01,7.3715627925048155,m2_yoy,M2SL_yoy,fred_derived
2003-10-01,6.358746123249981,m2_yoy,M2SL_yoy,fred_derived
2003-11-01,5.512234938608218,m2_yoy,M2SL_yoy,fred_derived
2003-12-01,5.0939543897290385,m2_yoy,M2SL_yoy,fred_derived
2004-01-01,4.645480979336214,m2_yoy,M2SL_yoy,fred_derived
2004-02-01,4.678362573099415,m2_yoy,M2SL_yoy,fred_derived
2004-03-01,4.933201554086297,m2_yoy,M2SL_yoy,fred_derived
2004-04-01,4.968249936499869,m2_yoy,M2SL_yoy,fred_derived
2004-05-01,5.2034264831609445,m2_yoy,M2SL_yoy,fred_derived
2004-06-01,4.593315784212448,m2_yoy,M2SL_yoy,fred_derived
2004-07-01,4.000595129854023,m2_yoy,M2SL_yoy,fred_derived
2004-08-01,3.450082690638756,m2_yoy,M2SL_yoy,fred_derived
2004-09-01,4.482129052420358,m2_yoy,M2SL_yoy,fred_derived
2004-10-01,5.103789126853386,m2_yoy,M2SL_yoy,fred_derived
2004-11-01,5.444819356431574,m2_yoy,M2SL_yoy,fred_derived
2004-12-01,5.773980045441074,m2_yoy,M2SL_yoy,fred_derived
2005-01-01,5.733217145393854,m2_yoy,M2SL_yoy,fred_derived
2005-02-01,5.179849064000774,m2_yoy,M2SL_yoy,fred_derived
2005-03-01,4.715893405219318,m2_yoy,M2SL_yoy,fred_derived
2005-04-01,4.241075029440711,m2_yoy,M2SL_yoy,fred_derived
2005-05-01,3.2394792612776335,m2_yoy,M2SL_yoy,fred_derived
2005-06-01,3.724175281543185,m2_yoy,M2SL_yoy,fred_derived
2005-07-01,4.0120169763634195,m2_yoy,M2SL_yoy,fred_derived
2005-08-01,4.091614169489377,m2_yoy,M2SL_yoy,fred_derived
2005-09-01,4.060010704952632,m2_yoy,M2SL_yoy,fred_derived
2005-10-01,4.139628201511014,m2_yoy,M2SL_yoy,fred_derived
2005-11-01,3.971090957338874,m2_yoy,M2SL_yoy,fred_derived
2005-12-01,4.098373414273482,m2_yoy,M2SL_yoy,fred_derived
2006-01-01,4.654164334141941,m2_yoy,M2SL_yoy,fred_derived
2006-02-01,4.904564444237369,m2_yoy,M2SL_yoy,fred_derived
2006-03-01,4.978056231875061,m2_yoy,M2SL_yoy,fred_derived
2006-04-01,5.340617165495676,m2_yoy,M2SL_yoy,fred_derived
2006-05-01,5.165920666769552,m2_yoy,M2SL_yoy,fred_derived
2006-06-01,5.222906460678467,m2_yoy,M2SL_yoy,fred_derived
2006-07-01,5.350347673263545,m2_yoy,M2SL_yoy,fred_derived
2006-08-01,5.303894287061106,m2_yoy,M2SL_yoy,fred_derived
2006-09-01,5.178439055384931,m2_yoy,M2SL_yoy,fred_derived
2006-10-01,5.385391110642845,m2_yoy,M2SL_yoy,fred_derived
2006-11-01,5.652559040341099,m2_yoy,M2SL_yoy,fred_derived
2006-12-01,5.865905080893574,m2_yoy,M2SL_yoy,fred_derived
2007-01-01,5.768116372713616,m2_yoy,M2SL_yoy,fred_derived
2007-02-01,5.619790664278201,m2_yoy,M2SL_yoy,fred_derived
2007-03-01,5.892780642016149,m2_yoy,M2SL_yoy,fred_derived
2007-04-01,6.372945099825178,m2_yoy,M2SL_yoy,fred_derived
2007-05-01,6.470786797188022,m2_yoy,M2SL_yoy,fred_derived
2007-06-01,6.363291397880855,m2_yoy,M2SL_yoy,fred_derived
2007-07-01,6.166589300220493,m2_yoy,M2SL_yoy,fred_derived
2007-08-01,6.782573536844239,m2_yoy,M2SL_yoy,fred_derived
2007-09-01,6.625050342327832,m2_yoy,M2SL_yoy,fred_derived
2007-10-01,6.089949583672549,m2_yoy,M2SL_yoy,fred_derived
2007-11-01,5.9171261297106925,m2_yoy,M2SL_yoy,fred_derived
2007-12-01,5.703309275292701,m2_yoy,M2SL_yoy,fred_derived
2008-01-01,5.608080581037611,m2_yoy,M2SL_yoy,fred_derived
2008-02-01,6.583687257334292,m2_yoy,M2SL_yoy,fred_derived
2008-03-01,7.000362713093944,m2_yoy,M2SL_yoy,fred_derived
2008-04-01,6.515944590992584,m2_yoy,M2SL_yoy,fred_derived
2008-05-01,6.486918644721951,m2_yoy,M2SL_yoy,fred_derived
2008-06-01,6.258404456763356,m2_yoy,M2SL_yoy,fred_derived
2008-07-01,6.456064601636902,m2_yoy,M2SL_yoy,fred_derived
2008-08-01,5.557959647319732,m2_yoy,M2SL_yoy,fred_derived
2008-09-01,6.197221098070949,m2_yoy,M2SL_yoy,fred_derived
2008-10-01,7.361236386155268,m2_yoy,M2SL_yoy,fred_derived
2008-11-01,7.692926907802944,m2_yoy,M2SL_yoy,fred_derived
2008-12-01,9.6313419473804,m2_yoy,M2SL_yoy,fred_derived
2009-01-01,10.26272031925508,m2_yoy,M2SL_yoy,fred_derived
2009-02-01,9.406891109942128,m2_yoy,M2SL_yoy,fred_derived
2009-03-01,9.34028683181225,m2_yoy,M2SL_yoy,fred_derived
2009-04-01,8.798703403565655,m2_yoy,M2SL_yoy,fred_derived
2009-05-01,9.371925645937985,m2_yoy,M2SL_yoy,fred_derived
2009-06-01,9.238239130154046,m2_yoy,M2SL_yoy,fred_derived
2009-07-01,8.628966012937678,m2_yoy,M2SL_yoy,fred_derived
2009-08-01,8.41938046068309,m2_yoy,M2SL_yoy,fred_derived
2009-09-01,7.484375793912923,m2_yoy,M2SL_yoy,fred_derived
2009-10-01,6.432682541473866,m2_yoy,M2SL_yoy,fred_derived
2009-11-01,6.104397657904581,m2_yoy,M2SL_yoy,fred_derived
2009-12-01,3.7478518410179573,m2_yoy,M2SL_yoy,fred_derived
2010-01-01,2.2765110387260368,m2_yoy,M2SL_yoy,fred_derived
2010-02-01,2.5002103542365317,m2_yoy,M2SL_yoy,fred_derived
2010-03-01,1.6347896594486322,m2_yoy,M2SL_yoy,fred_derived
2010-04-01,1.9508765239360626,m2_yoy,M2SL_yoy,fred_derived
2010-05-01,1.891303318657389,m2_yoy,M2SL_yoy,fred_derived
2010-06-01,1.9954369746906009,m2_yoy,M2SL_yoy,fred_derived
2010-07-01,2.0795179299344158,m2_yoy,M2SL_yoy,fred_derived
2010-08-01,2.6574500768049125,m2_yoy,M2SL_yoy,fred_derived
2010-09-01,3.038432447764028,m2_yoy,M2SL_yoy,fred_derived
2010-10-01,3.3047043438306334,m2_yoy,M2SL_yoy,fred_derived
2010-11-01,3.1936127744510934,m2_yoy,M2SL_yoy,fred_derived
2010-12-01,3.6477056460139545,m2_yoy,M2SL_yoy,fred_derived
2011-01-01,4.3325430246411,m2_yoy,M2SL_yoy,fred_derived
2011-02-01,4.473866288274131,m2_yoy,M2SL_yoy,fred_derived
2011-03-01,5.200915117029381,m2_yoy,M2SL_yoy,fred_derived
2011-04-01,5.55711413475477,m2_yoy,M2SL_yoy,fred_derived
2011-05-01,5.732373097920784,m2_yoy,M2SL_yoy,fred_derived
2011-06-01,6.355976402684238,m2_yoy,M2SL_yoy,fred_derived
2011-07-01,8.08958851785404,m2_yoy,M2SL_yoy,fred_derived
2011-08-01,9.634088790156415,m2_yoy,M2SL_yoy,fred_derived
2011-09-01,9.478477295927146,m2_yoy,M2SL_yoy,fred_derived
2011-10-01,9.232014962821044,m2_yoy,M2SL_yoy,fred_derived
2011-11-01,9.56309022641939,m2_yoy,M2SL_yoy,fred_derived
2011-12-01,9.684110306368797,m2_yoy,M2SL_yoy,fred_derived
2012-01-01,10.235161107970603,m2_yoy,M2SL_yoy,fred_derived
2012-02-01,10.026041666666675,m2_yoy,M2SL_yoy,fred_derived
2012-03-01,9.805058660837762,m2_yoy,M2SL_yoy,fred_derived
2012-04-01,9.626586343602561,m2_yoy,M2SL_yoy,fred_derived
2012-05-01,9.231529799505633,m2_yoy,M2SL_yoy,fred_derived
2012-06-01,9.113496431101176,m2_yoy,M2SL_yoy,fred_derived
2012-07-01,7.786130386361689,m2_yoy,M2SL_yoy,fred_derived
2012-08-01,6.416865268926708,m2_yoy,M2SL_yoy,fred_derived
2012-09-01,7.031880231741927,m2_yoy,M2SL_yoy,fred_derived
2012-10-01,7.357562722517463,m2_yoy,M2SL_yoy,fred_derived
2012-11-01,7.498831715042331,m2_yoy,M2SL_yoy,fred_derived
2012-12-01,8.235938452635594,m2_yoy,M2SL_yoy,fred_derived
2013-01-01,7.662328338615221,m2_yoy,M2SL_yoy,fred_derived
2013-02-01,7.288308508467667,m2_yoy,M2SL_yoy,fred_derived
2013-03-01,7.379646556977448,m2_yoy,M2SL_yoy,fred_derived
2013-04-01,7.076114955300783,m2_yoy,M2SL_yoy,fred_derived
2013-05-01,6.953775596411482,m2_yoy,M2SL_yoy,fred_derived
2013-06-01,6.7763263023330245,m2_yoy,M2SL_yoy,fred_derived
2013-07-01,6.606725945059866,m2_yoy,M2SL_yoy,fred_derived
2013-08-01,6.4364005879973485,m2_yoy,M2SL_yoy,fred_derived
2013-09-01,6.192065620625864,m2_yoy,M2SL_yoy,fred_derived
2013-10-01,6.716200182833143,m2_yoy,M2SL_yoy,fred_derived
2013-11-01,6.088913791104744,m2_yoy,M2SL_yoy,fred_derived
2013-12-01,5.468727623375758,m2_yoy,M2SL_yoy,fred_derived
2014-01-01,5.898603463714824,m2_yoy,M2SL_yoy,fred_derived
2014-02-01,6.332014757901949,m2_yoy,M2SL_yoy,fred_derived
2014-03-01,6.106350377390624,m2_yoy,M2SL_yoy,fred_derived
2014-04-01,6.255660377358496,m2_yoy,M2SL_yoy,fred_derived
2014-05-01,6.520471685693319,m2_yoy,M2SL_yoy,fred_derived
2014-06-01,6.467875749441143,m2_yoy,M2SL_yoy,fred_derived
2014-07-01,6.588695773729092,m2_yoy,M2SL_yoy,fred_derived
2014-08-01,6.239050841173466,m2_yoy,M2SL_yoy,fred_derived
2014-09-01,6.027339177243762,m2_yoy,M2SL_yoy,fred_derived
2014-10-01,5.498851747894862,m2_yoy,M2SL_yoy,fred_derived
2014-11-01,5.785884045565881,m2_yoy,M2SL_yoy,fred_derived
2014-12-01,5.921118141741122,m2_yoy,M2SL_yoy,fred_derived
2015-01-01,6.037817318244776,m2_yoy,M2SL_yoy,fred_derived
2015-02-01,6.460209438129905,m2_yoy,M2SL_yoy,fred_derived
2015-03-01,6.102583302134024,m2_yoy,M2SL_yoy,fred_derived
2015-04-01,5.9805914890216805,m2_yoy,M2SL_yoy,fred_derived
2015-05-01,5.6199018326918315,m2_yoy,M2SL_yoy,fred_derived
2015-06-01,5.462627824436872,m2_yoy,M2SL_yoy,fred_derived
2015-07-01,5.340327868852457,m2_yoy,M2SL_yoy,fred_derived
2015-08-01,5.509701961331759,m2_yoy,M2SL_yoy,fred_derived
2015-09-01,5.663838369788232,m2_yoy,M2SL_yoy,fred_derived
2015-10-01,5.433374220410148,m2_yoy,M2SL_yoy,fred_derived
2015-11-01,5.849896275382416,m2_yoy,M2SL_yoy,fred_derived
2015-12-01,5.7020767455773,m2_yoy,M2SL_yoy,fred_derived
2016-01-01,6.088498277880516,m2_yoy,M2SL_yoy,fred_derived
2016-02-01,5.653229396792869,m2_yoy,M2SL_yoy,fred_derived
2016-03-01,6.097724905064372,m2_yoy,M2SL_yoy,fred_derived
2016-04-01,6.4582338502266134,m2_yoy,M2SL_yoy,fred_derived
2016-05-01,6.773541064174782,m2_yoy,M2SL_yoy,fred_derived
2016-06-01,6.918181363810549,m2_yoy,M2SL_yoy,fred_derived
2016-07-01,6.980237875882911,m2_yoy,M2SL_yoy,fred_derived
2016-08-01,7.281011485888644,m2_yoy,M2SL_yoy,fred_derived
2016-09-01,7.236122195437011,m2_yoy,M2SL_yoy,fred_derived
2016-10-01,7.385953988333216,m2_yoy,M2SL_yoy,fred_derived
2016-11-01,7.186364042970195,m2_yoy,M2SL_yoy,fred_derived
2016-12-01,6.933911159263251,m2_yoy,M2SL_yoy,fred_derived
2017-01-01,6.3556035344448425,m2_yoy,M2SL_yoy,fred_derived
2017-02-01,6.275392162319027,m2_yoy,M2SL_yoy,fred_derived
2017-03-01,6.333243589946624,m2_yoy,M2SL_yoy,fred_derived
2017-04-01,6.112877333249389,m2_yoy,M2SL_yoy,fred_derived
2017-05-01,5.963396114164032,m2_yoy,M2SL_yoy,fred_derived
2017-06-01,5.632990783087011,m2_yoy,M2SL_yoy,fred_derived
2017-07-01,5.631027286198642,m2_yoy,M2SL_yoy,fred_derived
2017-08-01,5.400968119874205,m2_yoy,M2SL_yoy,fred_derived
2017-09-01,5.28548849913304,m2_yoy,M2SL_yoy,fred_derived
2017-10-01,5.149117653790691,m2_yoy,M2SL_yoy,fred_derived
2017-11-01,4.8100996919715255,m2_yoy,M2SL_yoy,fred_derived
2017-12-01,4.897246291339652,m2_yoy,M2SL_yoy,fred_derived
2018-01-01,4.3803523228799435,m2_yoy,M2SL_yoy,fred_derived
2018-02-01,4.129572828607775,m2_yoy,M2SL_yoy,fred_derived
2018-03-01,4.07643501831938,m2_yoy,M2SL_yoy,fred_derived
2018-04-01,3.776957076325238,m2_yoy,M2SL_yoy,fred_derived
2018-05-01,3.789781625838473,m2_yoy,M2SL_yoy,fred_derived
2018-06-01,4.068416666052022,m2_yoy,M2SL_yoy,fred_derived
2018-07-01,3.8839229972603917,m2_yoy,M2SL_yoy,fred_derived
2018-08-01,3.7976349794870856,m2_yoy,M2SL_yoy,fred_derived
2018-09-01,3.690235886523796,m2_yoy,M2SL_yoy,fred_derived
2018-10-01,3.331156581047745,m2_yoy,M2SL_yoy,fred_derived
2018-11-01,3.227744560103085,m2_yoy,M2SL_yoy,fred_derived
2018-12-01,3.6674235052438053,m2_yoy,M2SL_yoy,fred_derived
2019-01-01,4.053908045149068,m2_yoy,M2SL_yoy,fred_derived
2019-02-01,4.03620949780874,m2_yoy,M2SL_yoy,fred_derived
2019-03-01,3.9360895261809636,m2_yoy,M2SL_yoy,fred_derived
2019-04-01,4.005373846802485,m2_yoy,M2SL_yoy,fred_derived
2019-05-01,4.28915113812689,m2_yoy,M2SL_yoy,fred_derived
2019-06-01,4.6868466374196505,m2_yoy,M2SL_yoy,fred_derived
2019-07-01,5.014175722396241,m2_yoy,M2SL_yoy,fred_derived
2019-08-01,5.218549205275602,m2_yoy,M2SL_yoy,fred_derived
2019-09-01,5.635634017611801,m2_yoy,M2SL_yoy,fred_derived
2019-10-01,6.500902317938917,m2_yoy,M2SL_yoy,fred_derived
2019-11-01,7.123873636969247,m2_yoy,M2SL_yoy,fred_derived
2019-12-01,6.711722047238622,m2_yoy,M2SL_yoy,fred_derived
2020-01-01,6.718954429345736,m2_yoy,M2SL_yoy,fred_derived
2020-02-01,6.807634937296281,m2_yoy,M2SL_yoy,fred_derived
2020-03-01,10.102644242353321,m2_yoy,M2SL_yoy,fred_derived
2020-04-01,16.841873823363706,m2_yoy,M2SL_yoy,fred_derived
2020-05-01,21.846164346164354,m2_yoy,M2SL_yoy,fred_derived
2020-06-01,22.812267280482025,m2_yoy,M2SL_yoy,fred_derived
2020-07-01,23.191118352397822,m2_yoy,M2SL_yoy,fred_derived
2020-08-01,22.965924080807266,m2_yoy,M2SL_yoy,fred_derived
2020-09-01,23.720311356529855,m2_yoy,M2SL_yoy,fred_derived
2020-10-01,23.63172434709795,m2_yoy,M2SL_yoy,fred_derived
2020-11-01,24.236731167028893,m2_yoy,M2SL_yoy,fred_derived
2020-12-01,24.66444264901353,m2_yoy,M2SL_yoy,fred_derived
2021-01-01,25.578121858033388,m2_yoy,M2SL_yoy,fred_derived
2021-02-01,26.702054750235995,m2_yoy,M2SL_yoy,fred_derived
2021-03-01,23.946127777708305,m2_yoy,M2SL_yoy,fred_derived
2021-04-01,18.55939877921129,m2_yoy,M2SL_yoy,fred_derived
2021-05-01,14.437990466534846,m2_yoy,M2SL_yoy,fred_derived
2021-06-01,12.856796357342116,m2_yoy,M2SL_yoy,fred_derived
2021-07-01,12.736026932346679,m2_yoy,M2SL_yoy,fred_derived
2021-08-01,13.324366563022426,m2_yoy,M2SL_yoy,fred_derived
2021-09-01,12.812694930201518,m2_yoy,M2SL_yoy,fred_derived
2021-10-01,12.751251926553643,m2_yoy,M2SL_yoy,fred_derived
2021-11-01,12.31736296624144,m2_yoy,M2SL_yoy,fred_derived
2021-12-01,12.2197250823185,m2_yoy,M2SL_yoy,fred_derived
2022-01-01,11.507528603527973,m2_yoy,M2SL_yoy,fred_derived
2022-02-01,10.657005077437297,m2_yoy,M2SL_yoy,fred_derived
2022-03-01,9.575144275394475,m2_yoy,M2SL_yoy,fred_derived
2022-04-01,7.878382064826539,m2_yoy,M2SL_yoy,fred_derived
2022-05-01,6.16822887349795,m2_yoy,M2SL_yoy,fred_derived
2022-06-01,5.71438340440289,m2_yoy,M2SL_yoy,fred_derived
2022-07-01,4.913685700573511,m2_yoy,M2SL_yoy,fred_derived
2022-08-01,3.8239392628898194,m2_yoy,M2SL_yoy,fred_derived
2022-09-01,2.58304693718987,m2_yoy,M2SL_yoy,fred_derived
2022-10-01,1.3352505191064346,m2_yoy,M2SL_yoy,fred_derived
2022-11-01,0.19468395522737048,m2_yoy,M2SL_yoy,fred_derived
2022-12-01,-1.1736761212798652,m2_yoy,M2SL_yoy,fred_derived
2023-01-01,-1.770022188972209,m2_yoy,M2SL_yoy,fred_derived
2023-02-01,-2.307596530304501,m2_yoy,M2SL_yoy,fred_derived
2023-03-01,-3.891111489643806,m2_yoy,M2SL_yoy,fred_derived
2023-04-01,-4.6901365063747535,m2_yoy,M2SL_yoy,fred_derived
2023-05-01,-4.101296869165139,m2_yoy,M2SL_yoy,fred_derived
2023-06-01,-3.9740698985343825,m2_yoy,M2SL_yoy,fred_derived
2023-07-01,-4.018168628157692,m2_yoy,M2SL_yoy,fred_derived
2023-08-01,-3.979765629338905,m2_yoy,M2SL_yoy,fred_derived
2023-09-01,-3.720087356535473,m2_yoy,M2SL_yoy,fred_derived
2023-10-01,-3.440469744776997,m2_yoy,M2SL_yoy,fred_derived
2023-11-01,-3.0967174046380386,m2_yoy,M2SL_yoy,fred_derived
2023-12-01,-2.4397945237758623,m2_yoy,M2SL_yoy,fred_derived
2024-01-01,-2.03770773206573,m2_yoy,M2SL_yoy,fred_derived
2024-02-01,-1.5270598786848888,m2_yoy,M2SL_yoy,fred_derived
2024-03-01,0.1183171186188936,m2_yoy,M2SL_yoy,fred_derived
2024-04-01,0.9604530675645817,m2_yoy,M2SL_yoy,fred_derived
2024-05-01,0.905240588238132,m2_yoy,M2SL_yoy,fred_derived
2024-06-01,1.3001198111891155,m2_yoy,M2SL_yoy,fred_derived
2024-07-01,1.5024961366448375,m2_yoy,M2SL_yoy,fred_derived
2024-08-01,2.044642814107145,m2_yoy,M2SL_yoy,fred_derived
2024-09-01,2.59213142603425,m2_yoy,M2SL_yoy,fred_derived
2024-10-01,3.0008749329298645,m2_yoy,M2SL_yoy,fred_derived
2024-11-01,3.4362966076717516,m2_yoy,M2SL_yoy,fred_derived
2024-12-01,3.4935004081869225,m2_yoy,M2SL_yoy,fred_derived
2025-01-01,3.4626512171991752,m2_yoy,M2SL_yoy,fred_derived
2025-02-01,3.3728009203777276,m2_yoy,M2SL_yoy,fred_derived
2025-03-01,3.5213963101890844,m2_yoy,M2SL_yoy,fred_derived
2025-04-01,4.02123379632946,m2_yoy,M2SL_yoy,fred_derived
2025-05-01,3.9924914480642615,m2_yoy,M2SL_yoy,fred_derived
2025-06-01,4.225071130343094,m2_yoy,M2SL_yoy,fred_derived
2025-07-01,4.4801320420030155,m2_yoy,M2SL_yoy,fred_derived
2025-08-01,4.427261691645712,m2_yoy,M2SL_yoy,fred_derived
2025-09-01,4.492532047512632,m2_yoy,M2SL_yoy,fred_derived
